avg_monthly_income,avg_monthly_expenses,net_cash_flow,income_consistency,avg_daily_balance,min_balance,max_balance,low_balance_days,total_debt_payments,debt_to_income_ratio,total_savings,savings_frequency,avg_transaction_size,transaction_frequency,overdraft_frequency,total_credits,total_debits,credit_debit_ratio
39502.6275,55778.037500000006,-353315.43000000005,1.4664090103039986,2314.4474137931034,1.0,55105.34,65,0.0,0.0,105.0,9,1695.9681067125646,1.5961538461538463,0,316021.02,669336.45,0.4721407597031359
1820.0,963.8666666666668,2568.3999999999996,0.5447324905804003,1542.2711111111114,153.45,2579.56,10,0.0,0.0,0.0,0,203.69756097560972,0.47674418604651164,0,5460.0,2891.5999999999995,1.8882279706736758
168953.81,321637.43,-152683.62,,19956.019411764708,5815.27,31806.37,0,0.0,0.0,148394.62000000002,28,2170.757699115044,7.793103448275862,0,168953.81,321637.43000000005,0.5252927496653607
1409.5483333333334,1412.5383333333336,-17.94000000000051,0.41165248404455645,888.8540624999999,101.8,2167.29,20,0.0,0.0,0.0,0,291.94,0.025483304042179262,0,8457.29,8475.23,0.997883243286613
